<?xml version="1.0"?>
<x:xmpmeta xmlns:x="adobe:ns:meta/" x:xmptk="Adobe XMP Core 6.2.4">
  <rdf:RDF xmlns:rdf="http://www.w3.org/1999/02/22-rdf-syntax-ns#">
    <rdf:Description rdf:about=""
        xmlns:dc="http://purl.org/dc/elements/1.1/"
        xmlns:dcterms="http://purl.org/dc/terms/"
        xmlns:exif="http://ns.adobe.com/exif/1.0/"
        xmlns:photoshop="http://ns.adobe.com/photoshop/1.0/"
        xmlns:tiff="http://ns.adobe.com/tiff/1.0/"
        xmlns:xmp="http://ns.adobe.com/xap/1.0/"
        xmlns:xmpMM="http://ns.adobe.com/xap/1.0/mm/"
        xmlns:stRef="http://ns.adobe.com/xap/1.0/sType/ResourceRef#"
        xmlns:pur="http://prismstandard.org/namespaces/prismusagerights/2.1/"
        xmlns:dam="http://www.day.com/dam/1.0"
      dc:format="image/jpeg"
      dc:rights="©Andreas Goss - stock.adobe.com"
      dcterms:provenance="self#jumbf=c2pa/adobe:urn:uuid:c544760b-499b-4c10-bc1a-7a8a5c3c9b2e/c2pa.claim"
      exif:ColorSpace="1"
      exif:DateTimeOriginal="2017-08-22T16:54:25"
      exif:ExifVersion="0230"
      exif:FlashpixVersion="0100"
      exif:PixelXDimension="2560"
      exif:PixelYDimension="1707"
      photoshop:DateCreated="2017-08-22T16:54:25"
      photoshop:Source="255530449"
      photoshop:Credit="Andreas Goss - stock.adobe.com"
      photoshop:Country="Germany"
      tiff:Orientation="1"
      tiff:ResolutionUnit="2"
      tiff:XResolution="300/1"
      tiff:YResolution="300/1"
      tiff:ImageWidth="2560"
      tiff:ImageLength="1707"
      xmp:CreateDate="2017-08-22T16:54:25+00:00"
      xmp:CreatorTool="Adobe Photoshop Lightroom Classic 8.2 (Windows)"
      xmp:MetadataDate="2019-03-16T10:20:28+01:00"
      xmp:ModifyDate="2019-03-16T10:20:28"
      xmp:Rating="5"
      xmpMM:DocumentID="xmp.did:723f971f-eb36-9c42-bbb2-1abe11d24390"
      xmpMM:InstanceID="xmp.iid:723f971f-eb36-9c42-bbb2-1abe11d24390"
      xmpMM:OriginalDocumentID="FBE08A10E749C9B96733C4DE9BBD2AA9"
      dam:Physicalheightininches="-1.0"
      dam:DigitalCreationDate="20170822"
      dam:Physicalheightindpi="-1"
      dam:Bitsperpixel="24"
      dam:Numberoftextualcomments="0"
      dam:Numberofimages="1"
      dam:TimeCreated="165425"
      dam:Physicalwidthindpi="-1"
      dam:MIMEtype="image/jpeg"
      dam:Physicalwidthininches="-1.0"
      dam:Progressive="no"
      dam:size="2240893"
      dam:DigitalCreationTime="165425+0000"
      dam:sha1="86dca8f1a02a8ea767404274fffe9ed80f0e28ea"
      dam:Fileformat="JPEG">
      <dc:title>
        <rdf:Alt>
          <rdf:li xml:lang="x-default">yosemite overview</rdf:li>
        </rdf:Alt>
      </dc:title>
      <dc:subject>
        <rdf:Bag>
          <rdf:li>half dome</rdf:li>
          <rdf:li>el capitan</rdf:li>
          <rdf:li>yosemite</rdf:li>
          <rdf:li>california</rdf:li>
          <rdf:li>berg</rdf:li>
          <rdf:li>landschaft</rdf:li>
          <rdf:li>natur</rdf:li>
          <rdf:li>himmel</rdf:li>
          <rdf:li>park</rdf:li>
          <rdf:li>-täler</rdf:li>
          <rdf:li>wald</rdf:li>
          <rdf:li>fels</rdf:li>
          <rdf:li>anreisen</rdf:li>
          <rdf:li>anblick</rdf:li>
          <rdf:li>national</rdf:li>
          <rdf:li>cloud</rdf:li>
          <rdf:li>blau</rdf:li>
          <rdf:li>panorama</rdf:li>
          <rdf:li>alpen</rdf:li>
          <rdf:li>ausserhalb</rdf:li>
          <rdf:li>green</rdf:li>
          <rdf:li>sommer</rdf:li>
          <rdf:li>gipfel</rdf:li>
          <rdf:li>baum</rdf:li>
        </rdf:Bag>
      </dc:subject>
      <dc:date>
        <rdf:Bag>
          <rdf:li>20170822</rdf:li>
        </rdf:Bag>
      </dc:date>
      <exif:ComponentsConfiguration>
        <rdf:Seq>
          <rdf:li>1</rdf:li>
          <rdf:li>2</rdf:li>
          <rdf:li>3</rdf:li>
          <rdf:li>0</rdf:li>
        </rdf:Seq>
      </exif:ComponentsConfiguration>
      <xmpMM:DerivedFrom
        stRef:documentID="xmp.did:e53ce97e-65e3-7842-90c3-09f0ece129de"
        stRef:instanceID="xmp.iid:e53ce97e-65e3-7842-90c3-09f0ece129de"
        stRef:originalDocumentID="FBE08A10E749C9B96733C4DE9BBD2AA9"/>
      <pur:creditLine>
        <rdf:Bag>
          <rdf:li>Andreas Goss - stock.adobe.com</rdf:li>
        </rdf:Bag>
      </pur:creditLine>
    </rdf:Description>
  </rdf:RDF>
</x:xmpmeta>
