{"autoTags":[{"value":"mountain","confidence":0.8000051975250244,"isCustom":false},{"value":"nature","confidence":0.7692450881004333,"isCustom":false},{"value":"hiking","confidence":0.7610026597976685,"isCustom":false},{"value":"landscape","confidence":0.7476683855056763,"isCustom":false},{"value":"adventure","confidence":0.6865026950836182,"isCustom":false},{"value":"woman","confidence":0.6652039289474487,"isCustom":false},{"value":"hike","confidence":0.6638851761817932,"isCustom":false},{"value":"mountains","confidence":0.6618396639823914,"isCustom":false},{"value":"backpack","confidence":0.6556129455566406,"isCustom":false},{"value":"travel","confidence":0.6468341946601868,"isCustom":false},{"value":"outdoors","confidence":0.6413775086402893,"isCustom":false},{"value":"hiker","confidence":0.6408102512359619,"isCustom":false},{"value":"green","confidence":0.6403521299362183,"isCustom":false},{"value":"blue","confidence":0.6353635787963867,"isCustom":false},{"value":"outdoor","confidence":0.6320390701293945,"isCustom":false},{"value":"autumn","confidence":0.6310039758682251,"isCustom":false},{"value":"man","confidence":0.6303801536560059,"isCustom":false},{"value":"walking","confidence":0.6239924430847168,"isCustom":false},{"value":"view","confidence":0.6223827600479126,"isCustom":false},{"value":"grass","confidence":0.6196234226226807,"isCustom":false},{"value":"beautiful","confidence":0.6171116232872009,"isCustom":false},{"value":"active","confidence":0.6154604554176331,"isCustom":false},{"value":"sport","confidence":0.6090387105941772,"isCustom":false},{"value":"activity","confidence":0.608936071395874,"isCustom":false},{"value":"people","confidence":0.608148455619812,"isCustom":false}]}
