<?xml version="1.0"?>
<!--
  ~  Copyright (c) 2022 Adobe
  ~
  ~  Permission is hereby granted, free of charge, to any person obtaining a copy of
  ~  this software and associated documentation files (the "Software"), to deal in
  ~  the Software without restriction, including without limitation the rights to
  ~  use, copy, modify, merge, publish, distribute, sublicense, and/or sell copies of
  ~  the Software, and to permit persons to whom the Software is furnished to do so,
  ~  subject to the following conditions:
  ~
  ~  The above copyright notice and this permission notice shall be included in all
  ~  copies or substantial portions of the Software.
  ~
  ~  THE SOFTWARE IS PROVIDED "AS IS", WITHOUT WARRANTY OF ANY KIND, EXPRESS OR
  ~  IMPLIED, INCLUDING BUT NOT LIMITED TO THE WARRANTIES OF MERCHANTABILITY, FITNESS
  ~  FOR A PARTICULAR PURPOSE AND NONINFRINGEMENT. IN NO EVENT SHALL THE AUTHORS OR
  ~  COPYRIGHT HOLDERS BE LIABLE FOR ANY CLAIM, DAMAGES OR OTHER LIABILITY, WHETHER
  ~  IN AN ACTION OF CONTRACT, TORT OR OTHERWISE, ARISING FROM, OUT OF OR IN
  ~  CONNECTION WITH THE SOFTWARE OR THE USE OR OTHER DEALINGS IN THE SOFTWARE.
  -->

<x:xmpmeta xmlns:x="adobe:ns:meta/" x:xmptk="Adobe XMP Core 6.2.4">
  <rdf:RDF xmlns:rdf="http://www.w3.org/1999/02/22-rdf-syntax-ns#">
    <rdf:Description rdf:about=""
        xmlns:xmp="http://ns.adobe.com/xap/1.0/"
        xmlns:xmpMM="http://ns.adobe.com/xap/1.0/mm/"
        xmlns:stRef="http://ns.adobe.com/xap/1.0/sType/ResourceRef#"
        xmlns:dc="http://purl.org/dc/elements/1.1/"
        xmlns:dam="http://www.day.com/dam/1.0"
        xmlns:tiff="http://ns.adobe.com/tiff/1.0/"
      xmp:CreatorTool="Adobe Photoshop CC 2017 (Macintosh)"
      xmpMM:DocumentID="xmp.did:D669AA2F0A5C11EBAE23BE8D2C701742"
      xmpMM:InstanceID="xmp.iid:D669AA2E0A5C11EBAE23BE8D2C701742"
      xmpMM:OriginalDocumentID="D251C23A1864185CF176C07B694F3A18"
      dc:format="image/jpeg"
      dc:rights="©Aleksei Potov - stock.adobe.com"
      dam:Physicalwidthindpi="-1"
      dam:MIMEtype="image/jpeg"
      dam:Physicalheightininches="-1.0"
      dam:Physicalheightindpi="-1"
      dam:Physicalwidthininches="-1.0"
      dam:Bitsperpixel="24"
      dam:Progressive="no"
      dam:size="443800"
      dam:Numberoftextualcomments="0"
      dam:sha1="e59c01436c989089b6ffe6a8d87145b6025fb7dc"
      dam:Numberofimages="1"
      dam:Fileformat="JPEG"
      tiff:ImageWidth="1000"
      tiff:ImageLength="667">
      <xmpMM:DerivedFrom
        stRef:documentID="adobe:docid:photoshop:230a0afa-6ba4-117b-a70e-c3cbc4dad276"
        stRef:instanceID="xmp.iid:c7697a89-65ac-4fe8-8262-0b01aac0911e"/>
      <dc:title>
        <rdf:Alt>
          <rdf:li xml:lang="x-default">family in yosemite</rdf:li>
        </rdf:Alt>
      </dc:title>
    </rdf:Description>
  </rdf:RDF>
</x:xmpmeta>
