{"colorTags":{"Brown":{"rgb":{"green":103,"blue":53,"red":162},"coverage":0.138},"Khaki":{"rgb":{"green":142,"blue":85,"red":196},"coverage":0.0991},"Dark_Blue":{"rgb":{"green":53,"blue":74,"red":33},"coverage":0.1286},"Light_Blue":{"rgb":{"green":181,"blue":221,"red":127},"coverage":0.2109},"Royal_Blue":{"rgb":{"green":100,"blue":132,"red":63},"coverage":0.1222},"Orange":{"rgb":{"green":155,"blue":89,"red":225},"coverage":0.1743},"Cyan":{"rgb":{"green":238,"blue":249,"red":200},"coverage":0.1269}}}
