<?xml version="1.0" encoding="UTF-8"?>
<jcr:root xmlns:sling="http://sling.apache.org/jcr/sling/1.0" xmlns:cq="http://www.day.com/jcr/cq/1.0" xmlns:jcr="http://www.jcp.org/jcr/1.0" xmlns:nt="http://www.jcp.org/jcr/nt/1.0"
    jcr:primaryType="cq:Page">
    <jcr:content/>
    <adventures-all/>
    <adventure-by-path/>
    <adventure-by-slug/>
    <adventure-by-price/>
    <adventures-by-activity/>
    <articles-all/>
    <article-by-path/>
    <article-by-author/>
    <article-by-slug/>
    <adventure-details-by-slug
        jcr:created="{Date}2022-11-09T13:37:45.769-05:00"
        jcr:primaryType="nt:unstructured"
        sling:resourceType="graphql/persistent/query">
        <jcr:content
            jcr:data="{Binary}"
            jcr:lastModified="{Date}2022-11-09T16:17:56.003-05:00"
            jcr:mimeType="text/html"
            jcr:primaryType="nt:unstructured"
            sling:resourceType="graphql/persistent/query/content"/>
    </adventure-details-by-slug>
</jcr:root>
