{"autoTags":[{"value":"rock","confidence":0.7837114930152893,"isCustom":false},{"value":"mountain","confidence":0.7726519703865051,"isCustom":false},{"value":"sky","confidence":0.759200930595398,"isCustom":false},{"value":"landscape","confidence":0.7331613302230835,"isCustom":false},{"value":"nature","confidence":0.6895012855529785,"isCustom":false},{"value":"blue","confidence":0.6842525005340576,"isCustom":false},{"value":"peak","confidence":0.6829784512519836,"isCustom":false},{"value":"mountains","confidence":0.658979058265686,"isCustom":false},{"value":"travel","confidence":0.6529679298400879,"isCustom":false},{"value":"view","confidence":0.6483227610588074,"isCustom":false},{"value":"climbing","confidence":0.6279913187026978,"isCustom":false},{"value":"man","confidence":0.617475152015686,"isCustom":false},{"value":"top","confidence":0.6169852018356323,"isCustom":false},{"value":"desert","confidence":0.6164878606796265,"isCustom":false},{"value":"climber","confidence":0.6112189292907715,"isCustom":false},{"value":"volcano","confidence":0.6110052466392517,"isCustom":false},{"value":"sunset","confidence":0.6080188751220703,"isCustom":false},{"value":"hiking","confidence":0.6074411869049072,"isCustom":false},{"value":"extreme","confidence":0.5996081829071045,"isCustom":false},{"value":"sunrise","confidence":0.5970680117607117,"isCustom":false},{"value":"outdoors","confidence":0.5936512351036072,"isCustom":false},{"value":"outdoor","confidence":0.5895274877548218,"isCustom":false},{"value":"park","confidence":0.5851627588272095,"isCustom":false},{"value":"clouds","confidence":0.5847312808036804,"isCustom":false},{"value":"adventure","confidence":0.5788686275482178,"isCustom":false}]}
