<?xml version="1.0"?>
<!--
  ~  Copyright (c) 2022 Adobe
  ~
  ~  Permission is hereby granted, free of charge, to any person obtaining a copy of
  ~  this software and associated documentation files (the "Software"), to deal in
  ~  the Software without restriction, including without limitation the rights to
  ~  use, copy, modify, merge, publish, distribute, sublicense, and/or sell copies of
  ~  the Software, and to permit persons to whom the Software is furnished to do so,
  ~  subject to the following conditions:
  ~
  ~  The above copyright notice and this permission notice shall be included in all
  ~  copies or substantial portions of the Software.
  ~
  ~  THE SOFTWARE IS PROVIDED "AS IS", WITHOUT WARRANTY OF ANY KIND, EXPRESS OR
  ~  IMPLIED, INCLUDING BUT NOT LIMITED TO THE WARRANTIES OF MERCHANTABILITY, FITNESS
  ~  FOR A PARTICULAR PURPOSE AND NONINFRINGEMENT. IN NO EVENT SHALL THE AUTHORS OR
  ~  COPYRIGHT HOLDERS BE LIABLE FOR ANY CLAIM, DAMAGES OR OTHER LIABILITY, WHETHER
  ~  IN AN ACTION OF CONTRACT, TORT OR OTHERWISE, ARISING FROM, OUT OF OR IN
  ~  CONNECTION WITH THE SOFTWARE OR THE USE OR OTHER DEALINGS IN THE SOFTWARE.
  -->

<x:xmpmeta xmlns:x="adobe:ns:meta/" x:xmptk="Adobe XMP Core 6.2.4">
  <rdf:RDF xmlns:rdf="http://www.w3.org/1999/02/22-rdf-syntax-ns#">
    <rdf:Description rdf:about=""
        xmlns:aux="http://ns.adobe.com/exif/1.0/aux/"
        xmlns:dc="http://purl.org/dc/elements/1.1/"
        xmlns:exif="http://ns.adobe.com/exif/1.0/"
        xmlns:exifEX="http://cipa.jp/exif/1.0/"
        xmlns:photoshop="http://ns.adobe.com/photoshop/1.0/"
        xmlns:tiff="http://ns.adobe.com/tiff/1.0/"
        xmlns:xmp="http://ns.adobe.com/xap/1.0/"
        xmlns:xmpMM="http://ns.adobe.com/xap/1.0/mm/"
        xmlns:stRef="http://ns.adobe.com/xap/1.0/sType/ResourceRef#"
        xmlns:stEvt="http://ns.adobe.com/xap/1.0/sType/ResourceEvent#"
        xmlns:pur="http://prismstandard.org/namespaces/prismusagerights/2.1/"
        xmlns:dam="http://www.day.com/dam/1.0"
      aux:ApproximateFocusDistance="2147483647/1"
      aux:Firmware="1.1.3"
      aux:FlashCompensation="0/1"
      aux:ImageNumber="0"
      aux:Lens="EF16-35mm f/4L IS USM"
      aux:LensID="507"
      aux:LensInfo="16/1 35/1 0/0 0/0"
      aux:LensSerialNumber="2810005088"
      aux:SerialNumber="122128000648"
      dc:format="image/jpeg"
      dc:rights="©JFL Photography - stock.adobe.com"
      exif:ApertureValue="6/1"
      exif:ColorSpace="65535"
      exif:CustomRendered="0"
      exif:DateTimeOriginal="2016-09-07T04:13:42.04"
      exif:ExifVersion="0230"
      exif:ExposureBiasValue="0/1"
      exif:ExposureMode="2"
      exif:ExposureProgram="3"
      exif:ExposureTime="1/30"
      exif:FNumber="8/1"
      exif:FlashpixVersion="0100"
      exif:FocalLength="16/1"
      exif:FocalPlaneResolutionUnit="3"
      exif:FocalPlaneXResolution="1520/1"
      exif:FocalPlaneYResolution="1520/1"
      exif:MaxApertureValue="4/1"
      exif:MeteringMode="5"
      exif:PixelXDimension="1600"
      exif:PixelYDimension="886"
      exif:SceneCaptureType="0"
      exif:ShutterSpeedValue="19868/4049"
      exif:WhiteBalance="0"
      exifEX:BodySerialNumber="122128000648"
      exifEX:LensModel="EF16-35mm f/4L IS USM"
      exifEX:LensSerialNumber="2810005088"
      exifEX:PhotographicSensitivity="100"
      exifEX:RecommendedExposureIndex="100"
      exifEX:SensitivityType="2"
      photoshop:ColorMode="3"
      photoshop:DateCreated="2016-09-07T04:13:42"
      photoshop:ICCProfile="sRGB IEC61966-2.1"
      photoshop:LegacyIPTCDigest="3ACBBDB20582A3B74E179C66EFE58DFB"
      photoshop:Source="231698835"
      photoshop:Credit="JFL Photography - stock.adobe.co"
      photoshop:Country="United States of America"
      tiff:Make="Canon"
      tiff:Model="Canon EOS 6D"
      tiff:Orientation="1"
      tiff:PhotometricInterpretation="2"
      tiff:ResolutionUnit="2"
      tiff:SamplesPerPixel="3"
      tiff:XResolution="720000/10000"
      tiff:YCbCrPositioning="1"
      tiff:YResolution="720000/10000"
      tiff:ImageWidth="1600"
      tiff:ImageLength="886"
      xmp:CreateDate="2016-09-07T04:13:42"
      xmp:CreatorTool="Adobe Photoshop CC 2019 (Macintosh)"
      xmp:Label="Gelb"
      xmp:MetadataDate="2020-11-10T16:28:28-08:00"
      xmp:ModifyDate="2020-11-10T16:28:28-08:00"
      xmpMM:DocumentID="xmp.did:baea3ef8-94b4-45b5-ab47-e0cbfcaf7dbb"
      xmpMM:InstanceID="xmp.iid:85ba4244-6934-4d7d-a415-e2cbf7455be5"
      xmpMM:OriginalDocumentID="2175FA862885BB8744B5232096839AA2"
      dam:Physicalheightininches="12.30555534362793"
      dam:DigitalCreationDate="20160907"
      dam:Physicalheightindpi="72"
      dam:Bitsperpixel="24"
      dam:Numberoftextualcomments="0"
      dam:Numberofimages="1"
      dam:TimeCreated="041342+0000"
      dam:Physicalwidthindpi="72"
      dam:MIMEtype="image/jpeg"
      dam:Physicalwidthininches="22.22222137451172"
      dam:Progressive="no"
      dam:size="496684"
      dam:DigitalCreationTime="041342+0000"
      dam:sha1="660c6383c9417dddfa0f58dbe4954abb05b8f09e"
      dam:Fileformat="JPEG">
      <dc:subject>
        <rdf:Bag>
          <rdf:li>adventure</rdf:li>
          <rdf:li>alpine</rdf:li>
          <rdf:li>america</rdf:li>
          <rdf:li>american</rdf:li>
          <rdf:li>california</rdf:li>
          <rdf:li>cliffs</rdf:li>
          <rdf:li>climber</rdf:li>
          <rdf:li>climbing</rdf:li>
          <rdf:li>destination</rdf:li>
          <rdf:li>evening</rdf:li>
          <rdf:li>glacier point</rdf:li>
          <rdf:li>half dome</rdf:li>
          <rdf:li>hiker</rdf:li>
          <rdf:li>hiking</rdf:li>
          <rdf:li>holidays</rdf:li>
          <rdf:li>landmark</rdf:li>
          <rdf:li>landscape</rdf:li>
          <rdf:li>man</rdf:li>
          <rdf:li>mariposa county</rdf:li>
          <rdf:li>mountain top</rdf:li>
          <rdf:li>mountaineer</rdf:li>
          <rdf:li>mountaineering</rdf:li>
          <rdf:li>mountains</rdf:li>
          <rdf:li>national park</rdf:li>
          <rdf:li>nature</rdf:li>
          <rdf:li>north america</rdf:li>
          <rdf:li>outdoors</rdf:li>
          <rdf:li>overhanging rock</rdf:li>
          <rdf:li>panorama</rdf:li>
          <rdf:li>panoramic</rdf:li>
          <rdf:li>peak</rdf:li>
          <rdf:li>person</rdf:li>
          <rdf:li>rocks</rdf:li>
          <rdf:li>sierra nevada</rdf:li>
          <rdf:li>sport</rdf:li>
          <rdf:li>summer</rdf:li>
          <rdf:li>summit</rdf:li>
          <rdf:li>sunset</rdf:li>
          <rdf:li>tourism</rdf:li>
          <rdf:li>travel</rdf:li>
          <rdf:li>twilight</rdf:li>
          <rdf:li>united states</rdf:li>
          <rdf:li>usa</rdf:li>
          <rdf:li>vacation</rdf:li>
          <rdf:li>valley</rdf:li>
          <rdf:li>view</rdf:li>
          <rdf:li>wilderness</rdf:li>
          <rdf:li>yosemite</rdf:li>
          <rdf:li>yosemite national park</rdf:li>
          <rdf:li>yosemite valley</rdf:li>
        </rdf:Bag>
      </dc:subject>
      <dc:title>
        <rdf:Alt>
          <rdf:li xml:lang="x-default">Hiker in Yosemite National Park, California, USA</rdf:li>
        </rdf:Alt>
      </dc:title>
      <dc:description>
        <rdf:Bag>
          <rdf:li>A fearless hiker is standing on an overhanging rock enjoying the view towards famous Half Dome at Glacier Point overlook in beautiful evening twilight, Yosemite National Park, California, USA</rdf:li>
        </rdf:Bag>
      </dc:description>
      <dc:date>
        <rdf:Bag>
          <rdf:li>20160907</rdf:li>
        </rdf:Bag>
      </dc:date>
      <exif:ISOSpeedRatings>
        <rdf:Seq>
          <rdf:li>100</rdf:li>
        </rdf:Seq>
      </exif:ISOSpeedRatings>
      <exif:ComponentsConfiguration>
        <rdf:Seq>
          <rdf:li>1</rdf:li>
          <rdf:li>2</rdf:li>
          <rdf:li>3</rdf:li>
          <rdf:li>0</rdf:li>
        </rdf:Seq>
      </exif:ComponentsConfiguration>
      <exif:Flash
        exif:Fired="False"
        exif:Function="False"
        exif:Mode="2"
        exif:RedEyeMode="False"
        exif:Return="0"/>
      <exifEX:LensSpecification>
        <rdf:Seq>
          <rdf:li>16/1</rdf:li>
          <rdf:li>35/1</rdf:li>
          <rdf:li>0/0</rdf:li>
          <rdf:li>0/0</rdf:li>
        </rdf:Seq>
      </exifEX:LensSpecification>
      <tiff:BitsPerSample>
        <rdf:Seq>
          <rdf:li>8</rdf:li>
          <rdf:li>8</rdf:li>
          <rdf:li>8</rdf:li>
        </rdf:Seq>
      </tiff:BitsPerSample>
      <tiff:YCbCrSubSampling>
        <rdf:Seq>
          <rdf:li>0</rdf:li>
        </rdf:Seq>
      </tiff:YCbCrSubSampling>
      <xmpMM:DerivedFrom
        stRef:documentID="xmp.did:8bffdea7-8c87-42ce-b03e-16a6ef494ff4"
        stRef:instanceID="xmp.iid:8bffdea7-8c87-42ce-b03e-16a6ef494ff4"
        stRef:originalDocumentID="2175FA862885BB8744B5232096839AA2"/>
      <xmpMM:History>
        <rdf:Seq>
          <rdf:li
            stEvt:action="derived"
            stEvt:parameters="converted from image/x-canon-cr2 to image/jpeg, saved to new location"/>
          <rdf:li
            stEvt:action="saved"
            stEvt:changed="/"
            stEvt:instanceID="xmp.iid:8bffdea7-8c87-42ce-b03e-16a6ef494ff4"
            stEvt:softwareAgent="Adobe Photoshop Lightroom Classic 7.1 (Macintosh)"
            stEvt:when="2018-09-01T22:19:49+02:00"/>
          <rdf:li
            stEvt:action="converted"
            stEvt:parameters="from image/jpeg to image/x-canon-cr2"/>
          <rdf:li
            stEvt:action="derived"
            stEvt:parameters="converted from image/x-canon-cr2 to image/jpeg, saved to new location"/>
          <rdf:li
            stEvt:action="saved"
            stEvt:changed="/"
            stEvt:instanceID="xmp.iid:baea3ef8-94b4-45b5-ab47-e0cbfcaf7dbb"
            stEvt:softwareAgent="Adobe Photoshop Lightroom Classic 7.1 (Macintosh)"
            stEvt:when="2018-09-01T22:19:49+02:00"/>
          <rdf:li
            stEvt:action="saved"
            stEvt:changed="/"
            stEvt:instanceID="xmp.iid:85ba4244-6934-4d7d-a415-e2cbf7455be5"
            stEvt:softwareAgent="Adobe Photoshop CC 2019 (Macintosh)"
            stEvt:when="2020-11-10T16:28:28-08:00"/>
        </rdf:Seq>
      </xmpMM:History>
      <pur:creditLine>
        <rdf:Bag>
          <rdf:li>JFL Photography - stock.adobe.com</rdf:li>
        </rdf:Bag>
      </pur:creditLine>
    </rdf:Description>
  </rdf:RDF>
</x:xmpmeta>
