<?xml version="1.0" encoding="UTF-8"?>
<jcr:root xmlns:sling="http://sling.apache.org/jcr/sling/1.0" xmlns:granite="http://www.adobe.com/jcr/granite/1.0" xmlns:cq="http://www.day.com/jcr/cq/1.0" xmlns:jcr="http://www.jcp.org/jcr/1.0" xmlns:nt="http://www.jcp.org/jcr/nt/1.0"
    jcr:primaryType="cq:Template"
    allowedPaths="[/content/entities(/.*)?]"
    ranking="{Long}100">
    <jcr:content
        cq:lastModified="{Date}2022-10-24T22:40:59.064Z"
        cq:lastModifiedBy="smali@adobe.com"
        cq:lastReplicated="{Date}2022-11-01T16:11:23.885Z"
        cq:lastReplicated_publish="{Date}2022-11-01T16:11:23.885Z"
        cq:lastReplicatedBy="smali@adobe.com"
        cq:lastReplicatedBy_publish="smali@adobe.com"
        cq:lastReplicationAction="Activate"
        cq:lastReplicationAction_publish="Activate"
        cq:scaffolding="/conf/wknd-shared/settings/dam/cfm/models/team/jcr:content/model"
        cq:templateType="/libs/settings/dam/cfm/model-types/fragment"
        jcr:primaryType="cq:PageContent"
        jcr:title="Team"
        sling:resourceSuperType="dam/cfm/models/console/components/data/entity"
        sling:resourceType="dam/cfm/models/console/components/data/entity/default"
        isLocked="{Boolean}true"
        status="enabled">
        <metadata jcr:primaryType="nt:unstructured"/>
        <model
            cq:targetPath="/content/entities"
            jcr:primaryType="cq:PageContent"
            sling:resourceType="wcm/scaffolding/components/scaffolding"
            dataTypesConfig="/mnt/overlay/settings/dam/cfm/models/formbuilderconfig/datatypes"
            maxGeneratedOrder="20">
            <cq:dialog
                jcr:primaryType="nt:unstructured"
                sling:resourceType="cq/gui/components/authoring/dialog">
                <content
                    jcr:lastModified="{Date}2022-10-24T22:40:59.064Z"
                    jcr:lastModifiedBy="smali@adobe.com"
                    jcr:primaryType="nt:unstructured"
                    sling:resourceType="granite/ui/components/coral/foundation/fixedcolumns">
                    <items
                        jcr:primaryType="nt:unstructured"
                        maxGeneratedOrder="25">
                        <_x0031_666650120944
                            jcr:primaryType="nt:unstructured"
                            sling:resourceType="dam/cfm/admin/components/authoring/contenteditor/multieditor"
                            cfm-element="Description"
                            checked="false"
                            default-mime-type="text/html"
                            listOrder="21"
                            metaType="text-multi"
                            name="description"
                            renderReadOnly="false"
                            showEmptyInReadOnly="true"
                            valueType="string/multiline"/>
                        <_x0031_666650169375
                            jcr:primaryType="nt:unstructured"
                            sling:resourceType="dam/cfm/models/editor/components/datatypes/datepicker"
                            displayedFormat="YYYY-MM-DD"
                            emptyText="YYYY-MM-DD"
                            fieldLabel="Team Founding Date"
                            listOrder="24"
                            metaType="date"
                            name="teamFoundingDate"
                            renderReadOnly="false"
                            showEmptyInReadOnly="true"
                            type="date"
                            valueFormat="YYYY-MM-DD"
                            valueType="calendar/date">
                            <granite:data
                                jcr:primaryType="nt:unstructured"
                                typeHint="Date"/>
                        </_x0031_666650169375>
                        <_x0031_666650212669
                            jcr:primaryType="nt:unstructured"
                            sling:resourceType="dam/cfm/models/editor/components/fragmentreference/multifield"
                            allowNew="{Boolean}true"
                            fieldLabel="Team Members"
                            filter="hierarchy"
                            fragmentmodelreference="/conf/wknd-shared/settings/dam/cfm/models/person"
                            listOrder="25"
                            metaType="fragment-reference"
                            name="teamMembers"
                            nameSuffix="contentReference"
                            renderReadOnly="false"
                            showEmptyInReadOnly="true"
                            valueType="string/content-fragment[]">
                            <field
                                jcr:primaryType="nt:unstructured"
                                sling:resourceType="dam/cfm/models/editor/components/fragmentreference"
                                fragmentmodelreference="/conf/wknd-shared/settings/dam/cfm/models/person"
                                name="teamMembers"
                                renderReadOnly="false">
                                <granite:data jcr:primaryType="nt:unstructured"/>
                            </field>
                            <granite:data jcr:primaryType="nt:unstructured"/>
                        </_x0031_666650212669>
                    </items>
                </content>
            </cq:dialog>
        </model>
        <change-register jcr:primaryType="nt:unstructured"/>
    </jcr:content>
</jcr:root>
